{
    "vertices":[-0.0889613,-0.0889703,6.31462,-0.0889603,5.91103,0.314622,-6.08896,-0.0889696,0.314621,-0.0889603,-0.0889689,-5.68538,-0.0947183,-0.0889696,0.314621,-0.0889603,-0.0889689,-5.68538,-0.0889603,-0.0889689,-5.68538,-0.0947183,-0.0889696,0.314621,-0.0889613,-0.0889703,6.31462,-0.0889613,-0.0889703,6.31462,-0.0889603,5.91103,0.314622,-0.0889603,5.91103,0.314622,-6.08896,-0.0889696,0.314621,-6.08896,-0.0889696,0.314621],
    "materials":[],
    "metadata":{
        "version":3,
        "vertices":14,
        "materials":0,
        "uvs":0,
        "type":"Geometry",
        "normals":7,
        "generator":"io_three",
        "faces":5
    },
    "uvs":[],
    "faces":[34,8,11,12,0,0,0,0,34,5,10,7,0,1,2,2,34,13,1,6,0,3,3,3,34,7,10,9,0,2,2,4,35,0,2,3,4,0,5,6,5,5],
    "normals":[-0.577349,0.577349,0.577349,0.999969,-0.000946074,0.000946074,0.999969,-0.000946074,0,-0.577349,0.577349,-0.577349,0.999969,-0.000946074,-0.000946074,0,-1,0,0,-0.999969,0]
}