{
    "faces":[42,32,14,17,0,0,1,2,0,0,0,42,33,20,15,0,0,3,1,1,1,1,42,34,23,21,0,0,4,3,2,2,2,42,35,26,24,0,0,5,4,3,3,3,42,36,29,27,0,0,6,5,4,4,4,42,0,18,30,0,0,7,6,5,5,5,42,38,40,9,0,8,9,10,6,6,6,42,40,42,9,0,9,11,10,6,6,6,42,42,44,9,0,11,12,10,6,6,6,42,44,46,9,0,12,13,10,6,6,6,42,46,48,9,0,13,14,10,6,6,6,42,48,38,9,0,14,8,10,6,6,6,43,19,16,39,37,0,8,9,9,8,7,7,7,7,43,2,22,41,8,0,9,11,11,9,8,8,8,8,43,3,25,43,10,0,11,12,12,11,9,9,9,9,43,4,28,45,11,0,12,13,13,12,10,10,10,10,43,5,31,47,12,0,13,14,14,13,11,11,11,11,43,6,1,7,13,0,14,8,8,14,12,12,12,12],
    "normals":[0,-0.556383,-0.830897,-0.719596,-0.556383,-0.415448,-0.719596,-0.556383,0.415448,0,-0.556383,0.830897,0.719596,-0.556383,0.415448,0.719596,-0.556383,-0.415448,0,1,0,0,0.479476,-0.877529,-0.759972,0.479476,-0.438765,-0.759972,0.479476,0.438765,0,0.479476,0.877529,0.759972,0.479476,0.438765,0.759972,0.479476,-0.438765],
    "uvs":[[0.5,0.3125,0.416667,0.68844,0.375,0.68844,0.458333,0.68844,0.5,0.68844,0.541667,0.68844,0.583333,0.68844,0.625,0.68844,0.578125,0.979066,0.421875,0.979066,0.5,0.8375,0.34375,0.84375,0.421875,0.708434,0.578125,0.708434,0.65625,0.84375]],
    "vertices":[3.89255e-10,-0.00876283,-1.13584e-09,0.005,0.00417073,-0.00866025,-0.005,0.00417073,-0.00866025,-0.01,0.00417073,-9.92926e-10,-0.005,0.00417073,0.00866025,0.005,0.00417073,0.00866025,0.01,0.00417073,4.97191e-10,0.00355135,0.00876283,-0.00615112,-0.00355135,0.00876283,-0.00615112,0,0.00876283,9.58265e-10,-0.0071027,0.00876283,-1.0012e-10,-0.00355135,0.00876283,0.00615112,0.00355135,0.00876283,0.00615112,0.0071027,0.00876283,9.58265e-10,-0.005,0.00417073,-0.00866025,-0.005,0.00417073,-0.00866025,-0.005,0.00417073,-0.00866025,0.005,0.00417073,-0.00866025,0.005,0.00417073,-0.00866025,0.005,0.00417073,-0.00866025,-0.01,0.00417073,-9.92926e-10,-0.01,0.00417073,-9.92926e-10,-0.01,0.00417073,-9.92926e-10,-0.005,0.00417073,0.00866025,-0.005,0.00417073,0.00866025,-0.005,0.00417073,0.00866025,0.005,0.00417073,0.00866025,0.005,0.00417073,0.00866025,0.005,0.00417073,0.00866025,0.01,0.00417073,4.97191e-10,0.01,0.00417073,4.97191e-10,0.01,0.00417073,4.97191e-10,3.89255e-10,-0.00876283,-1.13584e-09,3.89255e-10,-0.00876283,-1.13584e-09,3.89255e-10,-0.00876283,-1.13584e-09,3.89255e-10,-0.00876283,-1.13584e-09,3.89255e-10,-0.00876283,-1.13584e-09,0.00355135,0.00876283,-0.00615112,0.00355135,0.00876283,-0.00615112,-0.00355135,0.00876283,-0.00615112,-0.00355135,0.00876283,-0.00615112,-0.0071027,0.00876283,-1.0012e-10,-0.0071027,0.00876283,-1.0012e-10,-0.00355135,0.00876283,0.00615112,-0.00355135,0.00876283,0.00615112,0.00355135,0.00876283,0.00615112,0.00355135,0.00876283,0.00615112,0.0071027,0.00876283,9.58265e-10,0.0071027,0.00876283,9.58265e-10],
    "materials":[{
        "emissive":0,
        "depthWrite":true,
        "color":10724259,
        "type":"MeshPhongMaterial",
        "skinning":true,
        "depthTest":true,
        "name":"Material",
        "uuid":"194E2A9C-173C-46C0-A4AC-4BD9AEC0B0DE",
        "vertexColors":0,
        "shininess":50,
        "specular":8355711,
        "blending":1
    }],
    "metadata":{
        "normals":13,
        "type":"Geometry",
        "faces":18,
        "generator":"io_three",
        "uvs":1,
        "vertices":49,
        "materials":1,
        "version":3
    }
}