{"c2array":true,"size":[401,3,1],"data":[[[344],[1200],[3672]],[[343],[1168],[3704]],[[342],[1136],[3736]],[[341],[1104],[3768]],[[340],[1072],[3800]],[[339],[1040],[3832]],[[338],[1008],[3864]],[[337],[976],[3896]],[[336],[944],[3928]],[[335],[912],[3960]],[[334],[880],[3992]],[[333],[848],[4024]],[[332],[816],[4056]],[[331],[784],[4088]],[[330],[752],[4120]],[[329],[720],[4152]],[["point"],[720.9289316856888],[4152.928931685688]],[[328],[752],[4184]],[[327],[784],[4216]],[[326],[816],[4248]],[[325],[848],[4280]],[["point"],[867.5355341571571],[4308.464465842842]],[[324],[864],[4312]],[[323],[832],[4344]],[[322],[800],[4376]],[[321],[768],[4408]],[[320],[736],[4440]],[["point"],[732.4644658428459],[4452.464465842846]],[[319],[752],[4472]],[[318],[784],[4504]],[[317],[816],[4536]],[[316],[848],[4568]],[[315],[880],[4600]],[["point"],[883.5355341571571],[4612.464465842842]],[[314],[864],[4632]],[[313],[832],[4664]],[[312],[800],[4696]],[[311],[768],[4728]],[["gem"],[739.5355341571557],[4756.464465842844]],[[310],[736],[4760]],[[309],[704],[4792]],[[308],[672],[4824]],[["point"],[664.9289316856887],[4832.928931685688]],[[307],[688],[4856]],[[306],[720],[4888]],[[305],[752],[4920]],[[304],[784],[4952]],[[303],[816],[4984]],[[302],[848],[5016]],[[301],[880],[5048]],[["point"],[872],[5056]],[[300],[848],[5080]],[[299],[816],[5112]],[[298],[784],[5144]],[[297],[752],[5176]],[[296],[720],[5208]],[[295],[688],[5240]],[[294],[656],[5272]],[[293],[624],[5304]],[[292],[592],[5336]],[["point"],[600],[5344]],[[291],[624],[5368]],[[290],[656],[5400]],[[289],[688],[5432]],[[288],[720],[5464]],[[287],[752],[5496]],[[286],[784],[5528]],[[285],[816],[5560]],[[284],[848],[5592]],[[283],[880],[5624]],[[282],[848],[5656]],[[281],[816],[5688]],[[280],[784],[5720]],[[279],[752],[5752]],[[278],[720],[5784]],[[277],[688],[5816]],[[276],[656],[5848]],[[275],[624],[5880]],[[274],[608],[5912]],[[273],[640],[5944]],[[272],[672],[5976]],[[271],[704],[6008]],[[270],[736],[6040]],[[269],[768],[6072]],[[268],[800],[6104]],[[267],[832],[6136]],[[266],[864],[6168]],[["point"],[883.5355341571557],[6196.464465842844]],[[265],[880],[6200]],[[264],[848],[6232]],[[263],[816],[6264]],[[262],[784],[6296]],[[261],[752],[6328]],[[260],[720],[6360]],[[259],[688],[6392]],[[258],[656],[6424]],[[257],[624],[6456]],[[256],[592],[6488]],[["point"],[592],[6504]],[[255],[608],[6520]],[[254],[640],[6552]],[[253],[672],[6584]],[[252],[704],[6616]],[[251],[736],[6648]],[[250],[768],[6680]],[[249],[800],[6712]],[[248],[832],[6744]],[[247],[800],[6776]],[[246],[768],[6808]],[[245],[736],[6840]],[[244],[704],[6872]],[[243],[672],[6904]],[[242],[640],[6936]],[[241],[608],[6968]],[[240],[576],[7000]],[[239],[608],[7032]],[[238],[640],[7064]],[[237],[672],[7096]],[[236],[704],[7128]],[[235],[736],[7160]],[[234],[768],[7192]],[[233],[800],[7224]],[[232],[832],[7256]],[[231],[864],[7288]],[[230],[896],[7320]],[["point"],[911.0710683143113],[7336.928931685688]],[[229],[896],[7352]],[[228],[864],[7384]],[[227],[832],[7416]],[[226],[800],[7448]],[[225],[768],[7480]],[[224],[736],[7512]],[[223],[704],[7544]],[[222],[672],[7576]],[[221],[640],[7608]],[["point"],[628.4644658428443],[7628.464465842844]],[[220],[640],[7640]],[[219],[672],[7672]],[[218],[704],[7704]],[[217],[736],[7736]],[[216],[768],[7768]],[[215],[800],[7800]],[[214],[832],[7832]],[[213],[864],[7864]],[[212],[896],[7896]],[["point"],[903.0710683143113],[7904.928931685688]],[[211],[880],[7928]],[[210],[848],[7960]],[[209],[816],[7992]],[[208],[784],[8024]],[[207],[752],[8056]],[[206],[720],[8088]],[["point"],[704],[8120]],[[205],[704],[8120]],[[204],[736],[8152]],[[203],[768],[8184]],[["point"],[768],[8200]],[[202],[752],[8216]],[[201],[720],[8248]],[[200],[688],[8280]],[[199],[656],[8312]],[[198],[624],[8344]],[[197],[592],[8376]],[[196],[560],[8408]],[[195],[528],[8440]],[[194],[496],[8472]],[["point"],[492.4644658428444],[8484.464465842844]],[[193],[512],[8504]],[[192],[544],[8536]],[[191],[576],[8568]],[[190],[608],[8600]],[[189],[640],[8632]],[[188],[672],[8664]],[["point"],[667.5355341571557],[8668.464465842844]],[[187],[640],[8696]],[[186],[608],[8728]],[["gem"],[595.5355341571557],[8740.464465842844]],[[185],[576],[8760]],[[184],[544],[8792]],[["point"],[520.9289316856872],[8816.928931685687]],[[183],[528],[8824]],[[182],[560],[8856]],[[181],[592],[8888]],[[180],[624],[8920]],[[179],[656],[8952]],[["point"],[663.0710683143113],[8960.928931685688]],[[178],[640],[8984]],[[177],[608],[9016]],[["gem"],[587.5355341571557],[9036.464465842844]],[[176],[576],[9048]],[[175],[544],[9080]],[[174],[512],[9112]],[["point"],[492.4644658428444],[9140.464465842844]],[[173],[496],[9144]],[[172],[528],[9176]],[[171],[560],[9208]],[[170],[592],[9240]],[[169],[624],[9272]],[[168],[656],[9304]],[[167],[688],[9336]],[[166],[720],[9368]],[[165],[752],[9400]],[["point"],[747.5355341571557],[9404.464465842844]],[[164],[720],[9432]],[[163],[688],[9464]],[["gem"],[672],[9480]],[[162],[656],[9496]],[[161],[624],[9528]],[[160],[592],[9560]],[[159],[560],[9592]],[["point"],[552],[9616]],[[158],[560],[9624]],[[157],[592],[9656]],[["gem"],[616],[9680]],[[156],[624],[9688]],[[155],[656],[9720]],[[154],[688],[9752]],[["point"],[695.0710683143097],[9760.92893168569]],[[153],[672],[9784]],[[152],[640],[9816]],[["gem"],[631.0710683143113],[9824.928931685688]],[[151],[608],[9848]],[[150],[576],[9880]],[["point"],[564.4644658428443],[9900.464465842844]],[[149],[576],[9912]],[[148],[608],[9944]],[["gem"],[628.4644658428451],[9964.464465842846]],[[147],[640],[9976]],[[146],[672],[10008]],[[145],[704],[10040]],[[144],[736],[10072]],[[143],[768],[10104]],[[142],[800],[10136]],[[141],[832],[10168]],[[140],[864],[10200]],[[139],[896],[10232]],[["point"],[896],[10248]],[[138],[880],[10264]],[[137],[848],[10296]],[["gem"],[835.5355341571549],[10308.464465842846]],[[136],[816],[10328]],[[135],[784],[10360]],[[134],[752],[10392]],[[133],[720],[10424]],[[132],[688],[10456]],[["point"],[688],[10472]],[[131],[704],[10488]],[[130],[736],[10520]],[["gem"],[752.9289316856895],[10536.92893168569]],[[129],[768],[10552]],[[128],[800],[10584]],[[127],[832],[10616]],[[126],[864],[10648]],[[125],[896],[10680]],[[124],[928],[10712]],[[123],[960],[10744]],[["point"],[975.0710683143113],[10760.928931685688]],[[122],[960],[10776]],[[121],[928],[10808]],[["gem"],[904],[10832]],[[120],[896],[10840]],[[119],[864],[10872]],[[118],[832],[10904]],[[117],[800],[10936]],[[116],[768],[10968]],[[115],[736],[11000]],[[114],[704],[11032]],[["point"],[696.9289316856887],[11040.92893168569]],[[113],[720],[11064]],[[112],[752],[11096]],[["gem"],[768],[11112]],[[111],[784],[11128]],[[110],[816],[11160]],[[109],[848],[11192]],[[108],[880],[11224]],[[107],[912],[11256]],[[106],[944],[11288]],[[105],[976],[11320]],[["point"],[979.5355341571557],[11332.464465842844]],[[104],[960],[11352]],[[103],[928],[11384]],[["gem"],[912],[11400]],[[102],[896],[11416]],[[101],[864],[11448]],[[100],[832],[11480]],[[99],[800],[11512]],[[98],[768],[11544]],[[97],[736],[11576]],[["point"],[712.9289316856887],[11600.928931685688]],[[96],[720],[11608]],[[95],[752],[11640]],[[94],[784],[11672]],[["gem"],[788.4644658428451],[11676.464465842846]],[[93],[816],[11704]],[[92],[848],[11736]],[[91],[880],[11768]],[[90],[912],[11800]],[[89],[944],[11832]],[[88],[976],[11864]],[[87],[1008],[11896]],[["point"],[1003.5355341571557],[11900.464465842844]],[[86],[976],[11928]],[[85],[944],[11960]],[["gem"],[939.5355341571549],[11964.464465842846]],[[84],[912],[11992]],[[83],[880],[12024]],[[82],[848],[12056]],[[81],[816],[12088]],[[80],[784],[12120]],[[79],[752],[12152]],[["point"],[736],[12184]],[[78],[736],[12184]],[[77],[768],[12216]],[["gem"],[800],[12248]],[[76],[800],[12248]],[[75],[832],[12280]],[[74],[864],[12312]],[[73],[896],[12344]],[[72],[928],[12376]],[[71],[960],[12408]],[[70],[992],[12440]],[[69],[1024],[12472]],[[68],[1056],[12504]],[["point"],[1067.5355341571553],[12524.464465842844]],[[67],[1056],[12536]],[[66],[1024],[12568]],[["gem"],[1008],