{"c2array":true,"size":[376,3,1],"data":[[[304],[1184],[4952]],[[303],[1152],[4984]],[[302],[1120],[5016]],[[301],[1088],[5048]],[[300],[1056],[5080]],[[299],[1024],[5112]],[[298],[992],[5144]],[[297],[960],[5176]],[[296],[928],[5208]],[[295],[896],[5240]],[[294],[864],[5272]],[[293],[832],[5304]],[[292],[800],[5336]],[[291],[768],[5368]],[[290],[736],[5400]],[[289],[704],[5432]],[[288],[672],[5464]],[["point"],[648.9289316856887],[5488.928931685688]],[[287],[656],[5496]],[[286],[688],[5528]],[[285],[720],[5560]],[[284],[752],[5592]],[[283],[784],[5624]],[[282],[816],[5656]],[[281],[848],[5688]],[[280],[880],[5720]],[[279],[912],[5752]],[["point"],[915.5355341571557],[5764.464465842844]],[[278],[896],[5784]],[[277],[864],[5816]],[[276],[832],[5848]],[[275],[800],[5880]],[["point"],[788.4644658428459],[5900.464465842846]],[[274],[800],[5912]],[[273],[832],[5944]],[[272],[864],[5976]],[[271],[896],[6008]],[[270],[928],[6040]],[[269],[960],[6072]],[["point"],[955.5355341571557],[6076.464465842844]],[[268],[928],[6104]],[[267],[896],[6136]],[[266],[864],[6168]],[[265],[832],[6200]],[[264],[800],[6232]],[[263],[768],[6264]],[[262],[736],[6296]],[[261],[704],[6328]],[["point"],[712],[6336]],[[260],[736],[6360]],[[259],[768],[6392]],[[258],[800],[6424]],[[257],[832],[6456]],[["point"],[835.5355341571557],[6468.464465842844]],[[256],[816],[6488]],[[255],[784],[6520]],[[254],[752],[6552]],[[253],[720],[6584]],[[252],[688],[6616]],[["point"],[688.9289316856903],[6616.92893168569]],[[251],[720],[6648]],[[250],[752],[6680]],[[249],[784],[6712]],[["point"],[803.5355341571557],[6740.464465842844]],[[248],[800],[6744]],[[247],[768],[6776]],[[246],[736],[6808]],[[245],[704],[6840]],[["point"],[684.4644658428443],[6868.464465842844]],[[244],[688],[6872]],[[243],[720],[6904]],[[242],[752],[6936]],[["point"],[760],[6960]],[[241],[752],[6968]],[[240],[720],[7000]],[["gem"],[699.5355341571557],[7020.464465842844]],[[239],[688],[7032]],[[238],[656],[7064]],[[237],[624],[7096]],[["point"],[612.4644658428443],[7116.464465842844]],[[236],[624],[7128]],[[235],[656],[7160]],[["gem"],[676.4644658428429],[7180.464465842842]],[[234],[688],[7192]],[[233],[720],[7224]],[[232],[752],[7256]],[[231],[784],[7288]],[[230],[816],[7320]],[[229],[848],[7352]],[["point"],[871.0710683143097],[7376.92893168569]],[[228],[864],[7384]],[[227],[832],[7416]],[["gem"],[800],[7448]],[[226],[800],[7448]],[[225],[768],[7480]],[[224],[736],[7512]],[[223],[704],[7544]],[[222],[672],[7576]],[["point"],[664],[7600]],[[221],[672],[7608]],[[220],[704],[7640]],[[219],[736],[7672]],[["gem"],[752],[7688]],[[218],[768],[7704]],[[217],[800],[7736]],[[216],[832],[7768]],[[215],[864],[7800]],[[214],[896],[7832]],[["point"],[915.5355341571557],[7860.464465842844]],[[213],[912],[7864]],[[212],[880],[7896]],[[211],[848],[7928]],[[210],[816],[7960]],[[209],[784],[7992]],[[208],[752],[8024]],[["point"],[756.4644658428443],[8028.464465842844]],[[207],[784],[8056]],[[206],[816],[8088]],[[205],[848],[8120]],[[204],[880],[8152]],[[203],[912],[8184]],[["point"],[911.0710683143113],[8184.928931685688]],[[202],[880],[8216]],[[201],[848],[8248]],[[200],[816],[8280]],[[199],[784],[8312]],[["point"],[784],[8328]],[[198],[800],[8344]],[[197],[832],[8376]],[[196],[864],[8408]],[[195],[896],[8440]],[[194],[928],[8472]],[[193],[960],[8504]],[[192],[992],[8536]],[[191],[1024],[8568]],[[190],[1056],[8600]],[["point"],[1051.5355341571542],[8604.464465842846]],[[189],[1024],[8632]],[[188],[992],[8664]],[[187],[960],[8696]],[[186],[928],[8728]],[["gem"],[924.4644658428459],[8740.464465842846]],[["point"],[928],[8744]],[[185],[944],[8760]],[[184],[976],[8792]],[[183],[1008],[8824]],[[182],[1040],[8856]],[["gem"],[1072],[8888]],[[181],[1072],[8888]],[["point"],[1067.5355341571542],[8892.464465842846]],[[180],[1040],[8920]],[[179],[1008],[8952]],[[178],[976],[8984]],[[177],[944],[9016]],[[176],[912],[9048]],[[175],[880],[9080]],[[174],[848],[9112]],[[173],[816],[9144]],[["gem"],[784],[9176]],[[172],[784],[9176]],[["point"],[784.9289316856887],[9176.928931685688]],[[171],[816],[9208]],[[170],[848],[9240]],[[169],[880],[9272]],[[168],[912],[9304]],[[167],[944],[9336]],[[166],[976],[9368]],[[165],[1008],[9400]],[[164],[1040],[9432]],[["point"],[1059.5355341571556],[9460.464465842844]],[[163],[1056],[9464]],[[162],[1024],[9496]],[[161],[992],[9528]],[[160],[960],[9560]],[[159],[928],[9592]],[[158],[896],[9624]],[[157],[864],[9656]],[[156],[832],[9688]],[[155],[800],[9720]],[["gem"],[788.4644658428443],[9740.464465842844]],[["point"],[792],[9744]],[[154],[800],[9752]],[[153],[832],[9784]],[[152],[864],[9816]],[[151],[896],[9848]],[[150],[928],[9880]],[[149],[960],[9912]],[[148],[992],[9944]],[[147],[1024],[9976]],[[146],[1056],[10008]],[["gem"],[1079.0710683143104],[10032.92893168569]],[["point"],[1075.5355341571549],[10036.464465842846]],[[145],[1072],[10040]],[[144],[1040],[10072]],[[143],[1008],[10104]],[[142],[976],[10136]],[[141],[944],[10168]],[[140],[912],[10200]],[[139],[880],[10232]],[[138],[848],[10264]],[[137],[816],[10296]],[["point"],[804.4644658428443],[10316.464465842844]],[[136],[816],[10328]],[[135],[848],[10360]],[[134],[880],[10392]],[[133],[912],[10424]],[[132],[944],[10456]],[["gem"],[939.5355341571557],[10460.464465842844]],[["point"],[936],[10464]],[[131],[912],[10488]],[[130],[880],[10520]],[[129],[848],[10552]],[[128],[816],[10584]],[["gem"],[800],[10600]],[["point"],[800.9289316856879],[10600.928931685688]],[[127],[816],[10616]],[[126],[848],[10648]],[[125],[880],[10680]],[[124],[912],[10712]],[["point"],[931.5355341571557],[10740.464465842844]],[["gem"],[928],[10744]],[[123],[928],[10744]],[[122],[896],[10776]],[[121],[864],[10808]],[[120],[832],[10840]],[[119],[800],[10872]],[["point"],[784.9289316856887],[10888.92893168569]],[[118],[800],[10904]],[[117],[832],[10936]],[[116],[864],[10968]],[[115],[896],[11000]],[["gem"],[908.4644658428451],[11012.464465842846]],[[114],[928],[11032]],[[113],[960],[11064]],[[112],[992],[11096]],[[111],[1024],[11128]],[["point"],[1040],[11160]],[[110],[1040],[11160]],[[109],[1008],[11192]],[[108],[976],[11224]],[[107],[944],[11256]],[["gem"],[932.4644658428443],[11276.464465842844]],[["point"],[936],[11280]],[[106],[944],[11288]],[[105],[976],[11320]],[[104],[1008],[11352]],[[103],[1040],[11384]],[[102],[1072],[11416]],[["gem"],[1075.5355341571556],[11428.464465842844]],[["point"],[1072],[11432]],[[101],[1056],[11448]],[[100],[1024],[11480]],[[99],[992],[11512]],[[98],[960],[11544]],[["gem"],[935.0710683143105],[11568.92893168569]],[[97],[928],[11576]],[[96],[896],[11608]],[[95],[864],[11640]],[[94],[832],[11672]],[[93],[800],[11704]],[["point"],[796.4644658428451],[11716.464465842846]],[[92],[816],[11736]],[[91],[848],[11768]],[[90],[880],[11800]],[[89],[912],[11832]],[["gem"],[928.9289316856887],[11848.928931685688]],[[88],[944],[11864]],[[87],[976],[11896]],[[86],[1008],[11928]],[[85],[1040],[11960]],[[84],[1072],[11992]],[["point"],[1067.5355341571556],[11996.464465842844]],[[83],[1040],[12024]],[[82],[1008],[12056]],[[81],[976],[12088]],[[80],[944],[12120]],[["gem"],[943.0710683143113],[12120.928931685688]],[[79],[912],[12152]],[[78],[880],[12184]],[[77],[848],[12216]],[[76],[816],[12248]],[["point"],[800.9289316856887],[12264.92893168569]],[[75],[816],[12280]],[[74],[848],[12312]],[[73],[880],[12344]],[[72],[912],[12376]],[["gem"],[928.9289316856888],[12392.928931685688]],[[71],[944],[12408]],[[70],[976],[12440]],[[69],[1008],[12472]],[[68],[1040],[12504]],[[67],[1072],[12536]],[["point"],[1067.5355341571556],[12540.464465842844]],[[66],[1040],[12568]],[[65],[1008],[12600]],[[64],[976],[12632]],[[63],[944],[12664]],[["point"],[948.4644658428443],[12668.464465842844]],[["gem"],[948.4644658428443],[12668.464465842844]],[[62],[976],[12696]],[[61],[1008],[12728]],[[60],[1040],[12760]],[[59],[1072],[12792]],[["point"],[1064],[12800]],[["gem"],[1063.0710683143109],[12800.928931685688]],[[58],[1040],[12824]],[[57],[1008],[12856]],[[56],[976],[12888]],[[55],[944],[12920]],[["point"],