{
    "vertices":[-54.7711,-6.46754,-15.7131,-54.7711,-6.46754,-21.3131,-54.7711,-8.46754,-21.3131,-54.7711,-8.46754,-15.7131,39.7421,-6.46754,-21.3131,39.7421,-8.46754,-21.3131,39.7421,-6.46754,-15.7131,39.7421,-8.46754,-15.7131,-54.7711,-8.46754,-21.3131,-54.7711,-8.46754,-21.3131,39.7421,-8.46754,-21.3131,39.7421,-8.46754,-21.3131,39.7421,-6.46754,-21.3131,39.7421,-6.46754,-21.3131,-54.7711,-8.46754,-15.7131,-54.7711,-8.46754,-15.7131,39.7421,-8.46754,-15.7131,39.7421,-8.46754,-15.7131,-54.7711,-6.46754,-15.7131,-54.7711,-6.46754,-15.7131,39.7421,-6.46754,-15.7131,39.7421,-6.46754,-15.7131,-54.7711,-6.46754,-21.3131,-54.7711,-6.46754,-21.3131],
    "materials":[{
        "emissive":0,
        "depthWrite":true,
        "color":10724259,
        "type":"MeshPhongMaterial",
        "skinning":true,
        "depthTest":true,
        "name":"Material",
        "uuid":"194E2A9C-173C-46C0-A4AC-4BD9AEC0B0DE",
        "vertexColors":0,
        "shininess":50,
        "specular":8355711,
        "blending":1
    }],
    "metadata":{
        "version":3,
        "vertices":24,
        "materials":0,
        "uvs":0,
        "type":"Geometry",
        "normals":8,
        "generator":"io_three",
        "faces":6
    },
    "uvs":[],
    "faces":[35,19,23,9,15,0,0,0,0,1,35,22,12,10,8,0,2,2,2,2,35,13,21,17,11,0,3,3,4,3,35,20,18,14,16,0,5,5,5,5,35,3,2,5,7,0,6,6,6,6,35,1,0,6,4,0,7,7,7,7],
    "normals":[-1,0,0,-0.999969,0,0,0,0,-1,1,0,0,0.999969,0,0,0,0,1,0,-1,0,0,1,0]
}