{
    "vertices":[-9.23208e-06,-0.0264778,7.62939e-06,-1.36595,2.25962,7.62939e-06,-1.36595,5.6352,-1.94888,-7.90716e-06,6.77825,-3.9287,-1.36595,5.6352,1.94889,-7.90716e-06,6.77825,3.92872,1.36593,5.6352,-1.94888,1.36593,2.25962,7.62939e-06,1.36593,5.6352,1.94889,-9.23208e-06,-0.0264778,7.62939e-06,-9.23208e-06,-0.0264778,7.62939e-06,-9.23208e-06,-0.0264778,7.62939e-06,-1.36595,2.25962,7.62939e-06,-1.36595,2.25962,7.62939e-06,-1.36595,5.6352,-1.94888,-1.36595,5.6352,-1.94888,-7.90716e-06,6.77825,-3.9287,-7.90716e-06,6.77825,-3.9287,-7.90716e-06,6.77825,-3.9287,-1.36595,5.6352,1.94889,-1.36595,5.6352,1.94889,-7.90716e-06,6.77825,3.92872,-7.90716e-06,6.77825,3.92872,-7.90716e-06,6.77825,3.92872,1.36593,5.6352,-1.94888,1.36593,5.6352,-1.94888,1.36593,2.25962,7.62939e-06,1.36593,2.25962,7.62939e-06,1.36593,5.6352,1.94889,1.36593,5.6352,1.94889],
    "materials":[{
        "emissive":0,
        "depthWrite":true,
        "color":10724259,
        "type":"MeshPhongMaterial",
        "skinning":true,
        "depthTest":true,
        "name":"Material",
        "uuid":"194E2A9C-173C-46C0-A4AC-4BD9AEC0B0DE",
        "vertexColors":0,
        "shininess":50,
        "specular":8355711,
        "blending":1
    }],
    "metadata":{
        "version":3,
        "vertices":30,
        "materials":0,
        "uvs":1,
        "type":"Geometry",
        "normals":8,
        "generator":"io_three",
        "faces":8
    },
    "uvs":[[0.01,0.329937,0.141453,0.211677,0.400251,0.211677,0.531704,0.329937,0.01,0.100694,0.141453,0.01,0.400251,0.01,0.531704,0.100694,0.01,0.745585,0.141453,0.627325,0.400251,0.627325,0.531704,0.745585,0.42525,0.99,0.295851,0.765875,0.554649,0.765875,0.01,0.350226,0.531704,0.350226,0.400251,0.468486,0.141453,0.468486,0.400251,0.191387,0.141453,0.191387,0.01,0.488776,0.531704,0.488776,0.400251,0.607035,0.141453,0.607035,0.139399,0.99,0.01,0.765875,0.268798,0.765875]],
    "faces":[43,9,12,14,16,0,0,1,2,3,0,0,0,0,43,17,15,19,21,0,4,5,6,7,1,1,1,1,43,22,20,13,10,0,8,9,10,11,2,2,2,2,42,1,4,2,0,12,13,14,3,3,3,43,11,18,24,26,0,15,16,17,18,4,4,4,4,43,3,23,28,25,0,4,7,19,20,5,5,5,5,43,5,0,27,29,0,21,22,23,24,6,6,6,6,42,7,6,8,0,25,26,27,7,7,7],
    "normals":[-0.641743,-0.383435,-0.664144,-0.641743,0.7669,0,-0.641743,-0.383435,0.664144,-1,0,0,0.641743,-0.383435,-0.664144,0.641743,0.7669,0,0.641743,-0.383435,0.664144,1,0,0]
}