{
    "vertices":[-69.5067,1,1.4,-69.5067,1,-1.4,-69.5067,-1,-1.4,-69.5067,-1,1.4,27.5,0.999998,-1.4,27.5,-1,-1.4,27.5,0.999997,1.4,27.5,-1,1.4,-69.5067,-1,-1.4,-69.5067,-1,-1.4,27.5,-1,-1.4,27.5,-1,-1.4,27.5,0.999998,-1.4,27.5,0.999998,-1.4,-69.5067,-1,1.4,-69.5067,-1,1.4,27.5,-1,1.4,27.5,-1,1.4,-69.5067,1,1.4,-69.5067,1,1.4,27.5,0.999997,1.4,27.5,0.999997,1.4,-69.5067,1,-1.4,-69.5067,1,-1.4],
    "materials":[{
        "emissive":0,
        "depthWrite":true,
        "color":10724259,
        "type":"MeshPhongMaterial",
        "skinning":true,
        "depthTest":true,
        "name":"Material",
        "uuid":"194E2A9C-173C-46C0-A4AC-4BD9AEC0B0DE",
        "vertexColors":0,
        "shininess":50,
        "specular":8355711,
        "blending":1
    }],
    "metadata":{
        "version":3,
        "vertices":24,
        "materials":0,
        "uvs":0,
        "type":"Geometry",
        "normals":6,
        "generator":"io_three",
        "faces":6
    },
    "uvs":[],
    "faces":[35,19,23,9,15,0,0,0,0,0,35,22,12,10,8,0,1,1,1,1,35,13,21,17,11,0,2,2,2,2,35,20,18,14,16,0,3,3,3,3,35,3,2,5,7,0,4,4,4,4,35,1,0,6,4,0,5,5,5,5],
    "normals":[-1,0,0,0,0,-1,1,0,0,0,0,1,0,-1,0,0,1,0]
}