{"c2array":true,"size":[405,3,1],"data":[[[323],[1008],[4344]],[[322],[976],[4376]],[[321],[944],[4408]],[[320],[912],[4440]],[[319],[880],[4472]],[[318],[848],[4504]],[[317],[816],[4536]],[[316],[784],[4568]],[[315],[752],[4600]],[[314],[720],[4632]],[[313],[688],[4664]],[[312],[656],[4696]],[[311],[624],[4728]],[["point"],[624.9289316856887],[4728.928931685688]],[[310],[656],[4760]],[[309],[688],[4792]],[[308],[720],[4824]],[[307],[752],[4856]],[[306],[784],[4888]],[[305],[816],[4920]],[[304],[848],[4952]],[[303],[880],[4984]],[[302],[912],[5016]],[["point"],[912],[5032]],[["gem"],[911.0710683143128],[5032.928931685687]],[[301],[896],[5048]],[[300],[864],[5080]],[[299],[832],[5112]],[[298],[800],[5144]],[[297],[768],[5176]],[[296],[736],[5208]],[[295],[704],[5240]],[[294],[672],[5272]],[["point"],[660.4644658428459],[5292.464465842846]],[["gem"],[664],[5296]],[[293],[672],[5304]],[[292],[704],[5336]],[[291],[736],[5368]],[[290],[768],[5400]],[[289],[800],[5432]],[[288],[832],[5464]],[[287],[864],[5496]],[[286],[896],[5528]],[[285],[928],[5560]],[[284],[960],[5592]],[["point"],[960],[5608]],[["gem"],[959.0710683143112],[5608.928931685688]],[[283],[944],[5624]],[[282],[912],[5656]],[[281],[880],[5688]],[[280],[848],[5720]],[[279],[816],[5752]],[[278],[784],[5784]],[[277],[752],[5816]],[[276],[720],[5848]],[[275],[688],[5880]],[[274],[656],[5912]],[["point"],[656.9289316856887],[5912.928931685688]],[["gem"],[656.9289316856887],[5912.928931685688]],[[273],[688],[5944]],[[272],[720],[5976]],[[271],[752],[6008]],[[270],[784],[6040]],[[269],[816],[6072]],[[268],[848],[6104]],[[267],[880],[6136]],[[266],[912],[6168]],[[265],[944],[6200]],[["point"],[943.0710683143113],[6200.928931685688]],[["gem"],[939.5355341571557],[6204.464465842844]],[[264],[912],[6232]],[[263],[880],[6264]],[[262],[848],[6296]],[[261],[816],[6328]],[["point"],[816],[6344]],[[260],[832],[6360]],[[259],[864],[6392]],[[258],[896],[6424]],[[257],[928],[6456]],[[256],[960],[6488]],[["point"],[971.5355341571557],[6508.464465842844]],[[255],[960],[6520]],[[254],[928],[6552]],[[253],[896],[6584]],[[252],[864],[6616]],[[251],[832],[6648]],[[250],[800],[6680]],[[249],[768],[6712]],[[248],[736],[6744]],[[247],[704],[6776]],[["point"],[688.9289316856887],[6792.928931685688]],[[246],[704],[6808]],[[245],[736],[6840]],[[244],[768],[6872]],[[243],[800],[6904]],[[242],[832],[6936]],[["point"],[827.5355341571541],[6940.464465842846]],[[241],[800],[6968]],[[240],[768],[7000]],[[239],[736],[7032]],[[238],[704],[7064]],[["point"],[704],[7080]],[[237],[720],[7096]],[[236],[752],[7128]],[[235],[784],[7160]],[[234],[816],[7192]],[[233],[848],[7224]],[[232],[880],[7256]],[[231],[912],[7288]],[[230],[944],[7320]],[[229],[976],[7352]],[["point"],[987.5355341571557],[7372.464465842844]],[[228],[976],[7384]],[[227],[944],[7416]],[[226],[912],[7448]],[[225],[880],[7480]],[["point"],[860.4644658428443],[7508.464465842844]],[["gem"],[864],[7512]],[[224],[864],[7512]],[[223],[896],[7544]],[[222],[928],[7576]],[[221],[960],[7608]],[[220],[992],[7640]],[["point"],[1008],[7672]],[[219],[1008],[7672]],[["gem"],[1007.0710683143097],[7672.92893168569]],[[218],[976],[7704]],[[217],[944],[7736]],[[216],[912],[7768]],[[215],[880],[7800]],[[214],[848],[7832]],[[213],[816],[7864]],[[212],[784],[7896]],[[211],[752],[7928]],[["point"],[728.9289316856887],[7952.928931685688]],[["gem"],[732.4644658428443],[7956.464465842844]],[[210],[736],[7960]],[[209],[768],[7992]],[[208],[800],[8024]],[[207],[832],[8056]],[[206],[864],[8088]],[[205],[896],[8120]],[[204],[928],[8152]],[[203],[960],[8184]],[[202],[992],[8216]],[[201],[1024],[8248]],[["point"],[1023.0710683143113],[8248.928931685688]],[["gem"],[1019.5355341571557],[8252.464465842844]],[[200],[992],[8280]],[[199],[960],[8312]],[[198],[928],[8344]],[[197],[896],[8376]],[[196],[864],[8408]],[[195],[832],[8440]],[[194],[800],[8472]],[[193],[768],[8504]],[[192],[736],[8536]],[["point"],[720.9289316856887],[8552.928931685688]],[["gem"],[724.4644658428443],[8556.464465842844]],[[191],[736],[8568]],[[190],[768],[8600]],[[189],[800],[8632]],[[188],[832],[8664]],[["point"],[835.5355341571557],[8676.464465842844]],[["gem"],[832],[8680]],[[187],[816],[8696]],[[186],[784],[8728]],[[185],[752],[8760]],[[184],[720],[8792]],[[183],[688],[8824]],[["point"],[688],[8840]],[["gem"],[688.9289316856872],[8840.928931685687]],[[182],[704],[8856]],[[181],[736],[8888]],[[180],[768],[8920]],[[179],[800],[8952]],[[178],[832],[8984]],[[177],[864],[9016]],[[176],[896],[9048]],[[175],[928],[9080]],[[174],[960],[9112]],[["point"],[983.0710683143097],[9136.92893168569]],[["gem"],[979.5355341571541],[9140.464465842846]],[[173],[976],[9144]],[[172],[944],[9176]],[[171],[912],[9208]],[[170],[880],[9240]],[["point"],[872],[9264]],[["gem"],[876.4644658428443],[9268.464465842844]],[[169],[880],[9272]],[[168],[912],[9304]],[[167],[944],[9336]],[[166],[976],[9368]],[[165],[1008],[9400]],[[164],[1040],[9432]],[["point"],[1039.071068314311],[9432.928931685688]],[["gem"],[1032],[9440]],[[163],[1008],[9464]],[[162],[976],[9496]],[[161],[944],[9528]],[[160],[912],[9560]],[[159],[880],[9592]],[[158],[848],[9624]],[[157],[816],[9656]],[[156],[784],[9688]],[["point"],[768.9289316856903],[9704.92893168569]],[[155],[784],[9720]],[[154],[816],[9752]],[[153],[848],[9784]],[[152],[880],[9816]],[["gem"],[904],[9840]],[[151],[912],[9848]],[["point"],[911.0710683143113],[9848.928931685688]],[[150],[880],[9880]],[[149],[848],[9912]],[[148],[816],[9944]],[[147],[784],[9976]],[["point"],[764.4644658428435],[10004.464465842844]],[["gem"],[768],[10008]],[[146],[768],[10008]],[[145],[800],[10040]],[[144],[832],[10072]],[[143],[864],[10104]],[[142],[896],[10136]],[[141],[928],[10168]],[[140],[960],[10200]],[[139],[992],[10232]],[["point"],[984],[10240]],[[138],[960],[10264]],[[137],[928],[10296]],[["gem"],[912],[10312]],[[136],[896],[10328]],[[135],[864],[10360]],[[134],[832],[10392]],[[133],[800],[10424]],[[132],[768],[10456]],[[131],[736],[10488]],[[130],[704],[10520]],[["point"],[712],[10528]],[[129],[736],[10552]],[[128],[768],[10584]],[["gem"],[776],[10592]],[[127],[800],[10616]],[[126],[832],[10648]],[[125],[864],[10680]],[[124],[896],[10712]],[[123],[928],[10744]],[[122],[960],[10776]],[[121],[992],[10808]],[["point"],[1000],[10832]],[[120],[992],[10840]],[[119],[960],[10872]],[["gem"],[935.0710683143105],[10896.92893168569]],[[118],[928],[10904]],[[117],[896],[10936]],[[116],[864],[10968]],[[115],[832],[11000]],[[114],[800],[11032]],[[113],[768],[11064]],[[112],[736],[11096]],[["point"],[728],[11120]],[[111],[736],[11128]],[[110],[768],[11160]],[["gem"],[792],[11184]],[[109],[800],[11192]],[[108],[832],[11224]],[[107],[864],[11256]],[[106],[896],[11288]],[[105],[928],[11320]],[[104],[960],[11352]],[[103],[992],[11384]],[["point"],[984],[11392]],[[102],[960],[11416]],[[101],[928],[11448]],[["gem"],[927.0710683143113],[11448.928931685688]],[[100],[896],[11480]],[[99],[864],[11512]],[[98],[832],[11544]],[["point"],[832.9289316856887],[11544.928931685688]],[[97],[864],[11576]],[[96],[896],[11608]],[["gem"],[904.9289316856895],[11616.92893168569]],[[95],[928],[11640]],[[94],[960],[11672]],[[93],[992],[11704]],[[92],[1024],[11736]],[[91],[1056],[11768]],[["point"],[1048],[11776]],[[90],[1024],[11800]],[[89],[992],[11832]],[["gem"],[979.5355341571557],[11844.464465842844]],[[88],[960],[11864]],[[87],[928],[11896]],[[86],[896],[11928]],[[85],[864],[11960]],[["point"],[844.4644658428443],[11988.464465842844]],[[84],[848],[11992]],[[83],[880],[12024]],[["gem"],[908.4644658428443],[12052.464465842844]],[[82],[912],[12056]],[[81],[944],[12088]],[[80],[976],[12120]],[["point"],[968],[12128]],[[79],[944],[12152]],[[78],[912],[12184]],[["gem"],[891.5355341571557],[12204.464465842844]],[[77],[880],[12216]],[[76],[848],[12248]],[[75],[816],[12280]],[[74],[784],[12312]],[[73],[752],[12344]],[["point"],[752.9289316856887],[12344.92893168569]],[[72],[784],[12376]],[["gem"],[816],[12408]],[[71],[816],[12408]],[[70],[848],[12440]],[[69],[880],[12472]],